{
	"biome": "biomesoplenty:fungi_forest",
	"generationWeight": 4,
	"useDefaultDecorations": true,
	"isSubBiome": false,
	"blocks": {},
	"entities": [
		{
			"spawnWeight": 50,
			"minimumGroupCount": 4,
			"maximumGroupCount": 4,
			"entity": "minecraft:ghast"
		}, 
		{
			"spawnWeight": 100,
			"minimumGroupCount": 4,
			"maximumGroupCount": 4,
			"entity": "minecraft:zombie_pigman"
		}, 
		{
			"spawnWeight": 2,
			"minimumGroupCount": 4,
			"maximumGroupCount": 4,
			"entity": "minecraft:magma_cube"
		}, 
		{
			"spawnWeight": 1,
			"minimumGroupCount": 4,
			"maximumGroupCount": 4,
			"entity": "minecraft:enderman"
		}, 
		{
			"spawnWeight": 2000,
			"minimumGroupCount": 1,
			"maximumGroupCount": 3,
			"entity": "magma_monsters:magma_monster"
		}, 
		{
			"spawnWeight": 2000,
			"minimumGroupCount": 1,
			"maximumGroupCount": 3,
			"entity": "magma_monsters:magma_monster_grunt"
		}, 
		{
			"spawnWeight": 1,
			"minimumGroupCount": 1,
			"maximumGroupCount": 1,
			"entity": "ebwizardry:lightning_wraith"
		}, 
		{
			"spawnWeight": 3,
			"minimumGroupCount": 1,
			"maximumGroupCount": 1,
			"entity": "ebwizardry:evil_wizard"
		}, 
		{
			"spawnWeight": 5,
			"minimumGroupCount": 1,
			"maximumGroupCount": 2,
			"entity": "minecraft:blaze"
		}, 
		{
			"spawnWeight": 4,
			"minimumGroupCount": 1,
			"maximumGroupCount": 2,
			"entity": "quark:foxhound"
		}, 
		{
			"spawnWeight": 60,
			"minimumGroupCount": 4,
			"maximumGroupCount": 6,
			"entity": "quark:wraith"
		}, 
		{
			"spawnWeight": 2,
			"minimumGroupCount": 1,
			"maximumGroupCount": 2,
			"entity": "lycanitesmobs:astaroth"
		}, 
		{
			"spawnWeight": 4,
			"minimumGroupCount": 1,
			"maximumGroupCount": 3,
			"entity": "lycanitesmobs:behemoth"
		}, 
		{
			"spawnWeight": 1,
			"minimumGroupCount": 1,
			"maximumGroupCount": 3,
			"entity": "lycanitesmobs:archvile"
		}, 
		{
			"spawnWeight": 8,
			"minimumGroupCount": 3,
			"maximumGroupCount": 6,
			"entity": "lycanitesmobs:trite"
		}, 
		{
			"spawnWeight": 8,
			"minimumGroupCount": 1,
			"maximumGroupCount": 3,
			"entity": "lycanitesmobs:belph"
		}, 
		{
			"spawnWeight": 16,
			"minimumGroupCount": 1,
			"maximumGroupCount": 3,
			"entity": "lycanitesmobs:aspid"
		}, 
		{
			"spawnWeight": 6,
			"minimumGroupCount": 1,
			"maximumGroupCount": 3,
			"entity": "lycanitesmobs:pinky"
		}
	],
	"traits": [],
	"subBiomes": []
}