{
	"biome": "netherex:arctic_abyss",
	"generationWeight": 2,
	"useDefaultDecorations": true,
	"isSubBiome": false,
	"blocks": {
		"surface": {
			"block": "netherex:frostburn_ice"
		},
		"liquid": {
			"block": "minecraft:magma"
		},
		"subsurface": {
			"block": "netherex:icy_netherrack"
		}
	},
	"entities": [
		{
			"spawnWeight": 10,
			"minimumGroupCount": 1,
			"maximumGroupCount": 3,
			"entity": "netherex:frost"
		}, 
		{
			"spawnWeight": 35,
			"minimumGroupCount": 1,
			"maximumGroupCount": 4,
			"entity": "netherex:coolmar_spider"
		}, 
		{
			"spawnWeight": 100,
			"minimumGroupCount": 1,
			"maximumGroupCount": 4,
			"entity": "netherex:wight"
		}, 
		{
			"spawnWeight": 15,
			"minimumGroupCount": 1,
			"maximumGroupCount": 1,
			"entity": "netherex:brute"
		}, 
		{
			"spawnWeight": 1,
			"minimumGroupCount": 1,
			"maximumGroupCount": 1,
			"entity": "ebwizardry:lightning_wraith"
		}, 
		{
			"spawnWeight": 3,
			"minimumGroupCount": 1,
			"maximumGroupCount": 1,
			"entity": "ebwizardry:evil_wizard"
		}, 
		{
			"spawnWeight": 3,
			"minimumGroupCount": 1,
			"maximumGroupCount": 1,
			"entity": "mutantbeasts:mutant_enderman"
		}, 
		{
			"spawnWeight": 4,
			"minimumGroupCount": 1,
			"maximumGroupCount": 1,
			"entity": "mutantbeasts:mutant_creeper"
		}, 
		{
			"spawnWeight": 4,
			"minimumGroupCount": 1,
			"maximumGroupCount": 1,
			"entity": "mutantbeasts:mutant_skeleton"
		}, 
		{
			"spawnWeight": 4,
			"minimumGroupCount": 1,
			"maximumGroupCount": 1,
			"entity": "mutantbeasts:mutant_zombie"
		}, 
		{
			"spawnWeight": 6,
			"minimumGroupCount": 1,
			"maximumGroupCount": 3,
			"entity": "lycanitesmobs:kobold"
		}, 
		{
			"spawnWeight": 4,
			"minimumGroupCount": 1,
			"maximumGroupCount": 1,
			"entity": "lycanitesmobs:wendigo"
		}, 
		{
			"spawnWeight": 4,
			"minimumGroupCount": 1,
			"maximumGroupCount": 2,
			"entity": "lycanitesmobs:maug"
		}, 
		{
			"spawnWeight": 2,
			"minimumGroupCount": 1,
			"maximumGroupCount": 2,
			"entity": "lycanitesmobs:astaroth"
		}, 
		{
			"spawnWeight": 2,
			"minimumGroupCount": 1,
			"maximumGroupCount": 3,
			"entity": "lycanitesmobs:serpix"
		}, 
		{
			"spawnWeight": 4,
			"minimumGroupCount": 1,
			"maximumGroupCount": 3,
			"entity": "lycanitesmobs:behemoth"
		}, 
		{
			"spawnWeight": 4,
			"minimumGroupCount": 1,
			"maximumGroupCount": 3,
			"entity": "lycanitesmobs:quillbeast"
		}, 
		{
			"spawnWeight": 1,
			"minimumGroupCount": 1,
			"maximumGroupCount": 3,
			"entity": "lycanitesmobs:archvile"
		}, 
		{
			"spawnWeight": 4,
			"minimumGroupCount": 1,
			"maximumGroupCount": 3,
			"entity": "lycanitesmobs:wildkin"
		}, 
		{
			"spawnWeight": 8,
			"minimumGroupCount": 3,
			"maximumGroupCount": 6,
			"entity": "lycanitesmobs:trite"
		}, 
		{
			"spawnWeight": 6,
			"minimumGroupCount": 1,
			"maximumGroupCount": 3,
			"entity": "lycanitesmobs:ventoraptor"
		}, 
		{
			"spawnWeight": 8,
			"minimumGroupCount": 1,
			"maximumGroupCount": 3,
			"entity": "lycanitesmobs:belph"
		}, 
		{
			"spawnWeight": 4,
			"minimumGroupCount": 1,
			"maximumGroupCount": 3,
			"entity": "lycanitesmobs:feradon"
		}, 
		{
			"spawnWeight": 10,
			"minimumGroupCount": 1,
			"maximumGroupCount": 3,
			"entity": "lycanitesmobs:frostweaver"
		}, 
		{
			"spawnWeight": 18,
			"minimumGroupCount": 2,
			"maximumGroupCount": 5,
			"entity": "exoticbirds:hummingbird"
		}, 
		{
			"spawnWeight": 12,
			"minimumGroupCount": 2,
			"maximumGroupCount": 5,
			"entity": "exoticbirds:magpie"
		}, 
		{
			"spawnWeight": 6,
			"minimumGroupCount": 2,
			"maximumGroupCount": 5,
			"entity": "exoticbirds:peafowl"
		}, 
		{
			"spawnWeight": 6,
			"minimumGroupCount": 2,
			"maximumGroupCount": 5,
			"entity": "exoticbirds:emperorpenguin"
		}, 
		{
			"spawnWeight": 12,
			"minimumGroupCount": 2,
			"maximumGroupCount": 5,
			"entity": "exoticbirds:pigeon"
		}, 
		{
			"spawnWeight": 12,
			"minimumGroupCount": 2,
			"maximumGroupCount": 5,
			"entity": "exoticbirds:cardinal"
		}, 
		{
			"spawnWeight": 12,
			"minimumGroupCount": 2,
			"maximumGroupCount": 5,
			"entity": "exoticbirds:bluejay"
		}, 
		{
			"spawnWeight": 12,
			"minimumGroupCount": 2,
			"maximumGroupCount": 5,
			"entity": "exoticbirds:robin"
		}, 
		{
			"spawnWeight": 8,
			"minimumGroupCount": 1,
			"maximumGroupCount": 3,
			"entity": "lycanitesmobs:arisaur"
		}, 
		{
			"spawnWeight": 6,
			"minimumGroupCount": 1,
			"maximumGroupCount": 3,
			"entity": "lycanitesmobs:pinky"
		}, 
		{
			"spawnWeight": 10,
			"minimumGroupCount": 1,
			"maximumGroupCount": 4,
			"entity": "lycanitesmobs:yeti"
		}, 
		{
			"spawnWeight": 16,
			"minimumGroupCount": 1,
			"maximumGroupCount": 3,
			"entity": "lycanitesmobs:maka"
		}
	],
	"traits": [
		{
			"generationAttempts": 2,
			"generationStage": "terrain_alteration",
			"generationProbability": 0.125,
			"minimumGenerationHeight": 36,
			"blockToSpawn": {
				"block": "netherex:ichor"
			},
			"randomizeGenerationAttempts": false,
			"trait": "libraryex:pool",
			"maximumGenerationHeight": 108,
			"blockToSurround": {
				"block": "netherex:frostburn_ice"
			}
		}, 
		{
			"generationAttempts": 5,
			"generationStage": "decoration",
			"generationProbability": 1.0,
			"minimumGenerationHeight": 4,
			"blockToSpawn": {
				"block": "netherex:blue_fire"
			},
			"blockToTarget": {
				"block": "netherex:frostburn_ice"
			},
			"randomizeGenerationAttempts": true,
			"trait": "libraryex:scatter",
			"maximumGenerationHeight": 124,
			"placement": "on_ground"
		}, 
		{
			"generationAttempts": 10,
			"generationStage": "decoration",
			"generationProbability": 1.0,
			"minimumGenerationHeight": 4,
			"blockToSpawn": {
				"block": "minecraft:glowstone"
			},
			"randomizeGenerationAttempts": true,
			"trait": "libraryex:cluster",
			"maximumGenerationHeight": 124,
			"blockToAttachTo": {
				"block": "netherex:icy_netherrack"
			},
			"direction": "down"
		}, 
		{
			"generationAttempts": 10,
			"generationStage": "decoration",
			"generationProbability": 1.0,
			"minimumGenerationHeight": 1,
			"blockToSpawn": {
				"block": "minecraft:glowstone"
			},
			"randomizeGenerationAttempts": false,
			"trait": "libraryex:cluster",
			"maximumGenerationHeight": 128,
			"blockToAttachTo": {
				"block": "netherex:icy_netherrack"
			},
			"direction": "down"
		}, 
		{
			"generationAttempts": 16,
			"generationStage": "ore",
			"generationProbability": 1.0,
			"minimumGenerationHeight": 10,
			"veinSize": 14,
			"blockToSpawn": {
				"block": "netherex:quartz_ore"
			},
			"randomizeGenerationAttempts": false,
			"blockToReplace": {
				"block": "netherex:icy_netherrack"
			},
			"trait": "libraryex:ore",
			"maximumGenerationHeight": 108
		}, 
		{
			"generationAttempts": 16,
			"generationStage": "ore",
			"generationProbability": 1.0,
			"minimumGenerationHeight": 10,
			"veinSize": 7,
			"blockToSpawn": {
				"block": "netherex:rime_ore"
			},
			"randomizeGenerationAttempts": false,
			"blockToReplace": {
				"block": "netherex:icy_netherrack"
			},
			"trait": "libraryex:ore",
			"maximumGenerationHeight": 108
		}
	],
	"subBiomes": []
}