{
	"biome": "netherex:fungi_forest",
	"generationWeight": 4,
	"useDefaultDecorations": true,
	"isSubBiome": false,
	"blocks": {
		"surface": {
			"block": "netherex:hyphae"
		},
		"liquid": {
			"block": "minecraft:lava"
		},
		"subsurface": {
			"block": "netherex:lively_netherrack"
		}
	},
	"entities": [
		{
			"spawnWeight": 100,
			"minimumGroupCount": 4,
			"maximumGroupCount": 6,
			"entity": "netherex:mogus"
		}, 
		{
			"spawnWeight": 25,
			"minimumGroupCount": 1,
			"maximumGroupCount": 4,
			"entity": "netherex:spore"
		}, 
		{
			"spawnWeight": 50,
			"minimumGroupCount": 1,
			"maximumGroupCount": 4,
			"entity": "netherex:spore_creeper"
		}, 
		{
			"spawnWeight": 1,
			"minimumGroupCount": 1,
			"maximumGroupCount": 1,
			"entity": "ebwizardry:lightning_wraith"
		}, 
		{
			"spawnWeight": 3,
			"minimumGroupCount": 1,
			"maximumGroupCount": 1,
			"entity": "ebwizardry:evil_wizard"
		}, 
		{
			"spawnWeight": 3,
			"minimumGroupCount": 1,
			"maximumGroupCount": 1,
			"entity": "mutantbeasts:mutant_enderman"
		}, 
		{
			"spawnWeight": 4,
			"minimumGroupCount": 1,
			"maximumGroupCount": 1,
			"entity": "mutantbeasts:mutant_creeper"
		}, 
		{
			"spawnWeight": 4,
			"minimumGroupCount": 1,
			"maximumGroupCount": 1,
			"entity": "mutantbeasts:mutant_skeleton"
		}, 
		{
			"spawnWeight": 4,
			"minimumGroupCount": 1,
			"maximumGroupCount": 1,
			"entity": "mutantbeasts:mutant_zombie"
		}, 
		{
			"spawnWeight": 4,
			"minimumGroupCount": 1,
			"maximumGroupCount": 3,
			"entity": "lycanitesmobs:barghest"
		}, 
		{
			"spawnWeight": 6,
			"minimumGroupCount": 1,
			"maximumGroupCount": 3,
			"entity": "lycanitesmobs:kobold"
		}, 
		{
			"spawnWeight": 4,
			"minimumGroupCount": 1,
			"maximumGroupCount": 1,
			"entity": "lycanitesmobs:wendigo"
		}, 
		{
			"spawnWeight": 4,
			"minimumGroupCount": 1,
			"maximumGroupCount": 2,
			"entity": "lycanitesmobs:maug"
		}, 
		{
			"spawnWeight": 2,
			"minimumGroupCount": 1,
			"maximumGroupCount": 2,
			"entity": "lycanitesmobs:astaroth"
		}, 
		{
			"spawnWeight": 2,
			"minimumGroupCount": 1,
			"maximumGroupCount": 3,
			"entity": "lycanitesmobs:serpix"
		}, 
		{
			"spawnWeight": 4,
			"minimumGroupCount": 1,
			"maximumGroupCount": 3,
			"entity": "lycanitesmobs:behemoth"
		}, 
		{
			"spawnWeight": 4,
			"minimumGroupCount": 1,
			"maximumGroupCount": 3,
			"entity": "lycanitesmobs:quillbeast"
		}, 
		{
			"spawnWeight": 1,
			"minimumGroupCount": 1,
			"maximumGroupCount": 3,
			"entity": "lycanitesmobs:archvile"
		}, 
		{
			"spawnWeight": 4,
			"minimumGroupCount": 1,
			"maximumGroupCount": 3,
			"entity": "lycanitesmobs:wildkin"
		}, 
		{
			"spawnWeight": 8,
			"minimumGroupCount": 3,
			"maximumGroupCount": 6,
			"entity": "lycanitesmobs:trite"
		}, 
		{
			"spawnWeight": 6,
			"minimumGroupCount": 1,
			"maximumGroupCount": 3,
			"entity": "lycanitesmobs:ventoraptor"
		}, 
		{
			"spawnWeight": 8,
			"minimumGroupCount": 1,
			"maximumGroupCount": 3,
			"entity": "lycanitesmobs:belph"
		}, 
		{
			"spawnWeight": 4,
			"minimumGroupCount": 1,
			"maximumGroupCount": 3,
			"entity": "lycanitesmobs:feradon"
		}, 
		{
			"spawnWeight": 10,
			"minimumGroupCount": 1,
			"maximumGroupCount": 3,
			"entity": "lycanitesmobs:frostweaver"
		}, 
		{
			"spawnWeight": 4,
			"minimumGroupCount": 1,
			"maximumGroupCount": 1,
			"entity": "mowziesmobs:barakoana"
		}, 
		{
			"spawnWeight": 5,
			"minimumGroupCount": 2,
			"maximumGroupCount": 5,
			"entity": "exoticbirds:gouldianfinch"
		}, 
		{
			"spawnWeight": 18,
			"minimumGroupCount": 2,
			"maximumGroupCount": 5,
			"entity": "exoticbirds:hummingbird"
		}, 
		{
			"spawnWeight": 12,
			"minimumGroupCount": 2,
			"maximumGroupCount": 5,
			"entity": "exoticbirds:magpie"
		}, 
		{
			"spawnWeight": 5,
			"minimumGroupCount": 2,
			"maximumGroupCount": 5,
			"entity": "exoticbirds:ostrich"
		}, 
		{
			"spawnWeight": 6,
			"minimumGroupCount": 2,
			"maximumGroupCount": 5,
			"entity": "exoticbirds:peafowl"
		}, 
		{
			"spawnWeight": 12,
			"minimumGroupCount": 2,
			"maximumGroupCount": 5,
			"entity": "exoticbirds:pigeon"
		}, 
		{
			"spawnWeight": 10,
			"minimumGroupCount": 2,
			"maximumGroupCount": 5,
			"entity": "exoticbirds:roadrunner"
		}, 
		{
			"spawnWeight": 12,
			"minimumGroupCount": 2,
			"maximumGroupCount": 5,
			"entity": "exoticbirds:cardinal"
		}, 
		{
			"spawnWeight": 12,
			"minimumGroupCount": 2,
			"maximumGroupCount": 5,
			"entity": "exoticbirds:bluejay"
		}, 
		{
			"spawnWeight": 12,
			"minimumGroupCount": 2,
			"maximumGroupCount": 5,
			"entity": "exoticbirds:robin"
		}, 
		{
			"spawnWeight": 6,
			"minimumGroupCount": 2,
			"maximumGroupCount": 5,
			"entity": "exoticbirds:crane"
		}, 
		{
			"spawnWeight": 6,
			"minimumGroupCount": 2,
			"maximumGroupCount": 5,
			"entity": "exoticbirds:kookaburra"
		}, 
		{
			"spawnWeight": 6,
			"minimumGroupCount": 2,
			"maximumGroupCount": 5,
			"entity": "exoticbirds:budgerigar"
		}, 
		{
			"spawnWeight": 8,
			"minimumGroupCount": 1,
			"maximumGroupCount": 3,
			"entity": "lycanitesmobs:arisaur"
		}, 
		{
			"spawnWeight": 16,
			"minimumGroupCount": 1,
			"maximumGroupCount": 3,
			"entity": "lycanitesmobs:aspid"
		}, 
		{
			"spawnWeight": 6,
			"minimumGroupCount": 1,
			"maximumGroupCount": 3,
			"entity": "lycanitesmobs:pinky"
		}, 
		{
			"spawnWeight": 10,
			"minimumGroupCount": 1,
			"maximumGroupCount": 4,
			"entity": "lycanitesmobs:yeti"
		}, 
		{
			"spawnWeight": 16,
			"minimumGroupCount": 1,
			"maximumGroupCount": 3,
			"entity": "lycanitesmobs:maka"
		}
	],
	"traits": [
		{
			"generationAttempts": 10,
			"generationStage": "decoration",
			"generationProbability": 1.0,
			"minimumGenerationHeight": 4,
			"blockToSpawn": {
				"block": "minecraft:glowstone"
			},
			"randomizeGenerationAttempts": true,
			"trait": "libraryex:cluster",
			"maximumGenerationHeight": 124,
			"blockToAttachTo": {
				"block": "minecraft:netherrack"
			},
			"direction": "down"
		}, 
		{
			"generationAttempts": 10,
			"generationStage": "decoration",
			"generationProbability": 1.0,
			"minimumGenerationHeight": 1,
			"blockToSpawn": {
				"block": "minecraft:glowstone"
			},
			"randomizeGenerationAttempts": false,
			"trait": "libraryex:cluster",
			"maximumGenerationHeight": 128,
			"blockToAttachTo": {
				"block": "minecraft:netherrack"
			},
			"direction": "down"
		}, 
		{
			"generationAttempts": 256,
			"generationStage": "decoration",
			"shape": "flat",
			"generationProbability": 1.0,
			"minimumGenerationHeight": 32,
			"randomizeGenerationAttempts": false,
			"trait": "libraryex:big_mushroom",
			"maximumGenerationHeight": 108,
			"blockToPlaceOn": {
				"block": "netherex:hyphae"
			},
			"mushroomCap": {
				"block": "netherex:brown_elder_mushroom_cap"
			},
			"mushroomStem": {
				"block": "netherex:elder_mushroom_stem"
			}
		}, 
		{
			"generationAttempts": 256,
			"generationStage": "decoration",
			"shape": "bulb",
			"generationProbability": 1.0,
			"minimumGenerationHeight": 32,
			"randomizeGenerationAttempts": false,
			"trait": "libraryex:big_mushroom",
			"maximumGenerationHeight": 108,
			"blockToPlaceOn": {
				"block": "netherex:hyphae"
			},
			"mushroomCap": {
				"block": "netherex:red_elder_mushroom_cap"
			},
			"mushroomStem": {
				"block": "netherex:elder_mushroom_stem"
			}
		}, 
		{
			"generationAttempts": 32,
			"generationStage": "decoration",
			"generationProbability": 1.0,
			"minimumGenerationHeight": 48,
			"randomizeGenerationAttempts": false,
			"trait": "netherex:enoki",
			"maximumGenerationHeight": 118
		}, 
		{
			"generationAttempts": 16,
			"generationStage": "ore",
			"generationProbability": 1.0,
			"minimumGenerationHeight": 10,
			"veinSize": 14,
			"blockToSpawn": {
				"block": "netherex:quartz_ore"
			},
			"randomizeGenerationAttempts": false,
			"blockToReplace": {
				"block": "minecraft:netherrack"
			},
			"trait": "libraryex:ore",
			"maximumGenerationHeight": 108
		}, 
		{
			"generationAttempts": 1,
			"generationStage": "structure",
			"generationProbability": 0.0125,
			"structureType": "air",
			"minimumGenerationHeight": 32,
			"clearancePercentage": 1.0,
			"randomizeGenerationAttempts": false,
			"structures": [
				"netherex:ghast_queen_shrine"
			],
			"trait": "libraryex:structure",
			"maximumGenerationHeight": 118,
			"ignoredBlock": {
				"block": "minecraft:structure_void"
			}
		}
	],
	"subBiomes": []
}